Date,Species,Irrigation,Sample,Wet weight,Dry weight,Height,Soil moisture,Rainfall,Total precipitation,Temperature
09-Feb,Kikuju,25,S1,1.831,0.532,7,,2.4,27.4,
09-Feb,Kikuju,25,S2,12.833,3.722,5,,2.4,27.4,
09-Feb,Kikuju,25,S3,37.819,8.823,6,,2.4,27.4,
16-Feb,Kikuju,25,S1,14.459,4.519,4,4.75,2.1,27.1,
16-Feb,Kikuju,25,S2,10.819,4.234,3,6,2.1,27.1,
16-Feb,Kikuju,25,S3,49.589,11.285,5,5,2.1,27.1,
23-Feb,Kikuju,25,S1,5.46,2.723,2.5,2.5,31,56,
23-Feb,Kikuju,25,S2,12.688,4.291,2.5,4,31,56,
23-Feb,Kikuju,25,S3,18.222,5.086,3,3,31,56,
01-Mar,Kikuju,25,S1,7.223,4.071,2,1.1,3.9,28.9,
01-Mar,Kikuju,25,S2,14.122,6.55,4,1.5,3.9,28.9,
01-Mar,Kikuju,25,S3,12.115,5.467,4.5,1.8,3.9,28.9,
14-Mar,Kikuju,25,S1,5.806,1.1786,1.5,2.5,32.3,57.3,
14-Mar,Kikuju,25,S2,6.635,1.917,2.5,2,32.3,57.3,
14-Mar,Kikuju,25,S3,5.996,1.702,2.5,1,32.3,57.3,
22-Mar,Kikuju,25,S1,8.837,3.033,4.5,4,54.9,79.9,
22-Mar,Kikuju,25,S2,6.053,2.251,2,3,54.9,79.9,
22-Mar,Kikuju,25,S3,9.9,3.017,4.5,5.5,54.9,79.9,
28-Mar,Kikuju,25,S1,17.658,4.764,2.5,2,33.4,58.4,
28-Mar,Kikuju,25,S2,27.566,5.737,3.5,4,33.4,58.4,
28-Mar,Kikuju,25,S3,23.717,4.228,2.5,3,33.4,58.4,
05-Apr,Kikuju,25,S1,9.811,2.95,3,4.5,37.2,62.2,
05-Apr,Kikuju,25,S2,9.134,2.538,3,7,37.2,62.2,
05-Apr,Kikuju,25,S3,12.911,3.308,3.5,4.5,37.2,62.2,
12-Apr,Kikuju,25,S1,10.13,2.598,3,2.5,72.8,97.8,
12-Apr,Kikuju,25,S2,14.048,2.902,3,4.5,72.8,97.8,
12-Apr,Kikuju,25,S3,10.4,2.46,3,3,72.8,97.8,
19-Apr,Kikuju,25,S1,9.277,2.401,3,2.5,0,25,
19-Apr,Kikuju,25,S2,14.516,3.532,3,3,0,25,
19-Apr,Kikuju,25,S3,19.359,4.253,3,2.5,0,25,
25-Apr,Kikuju,25,S1,5.645,1.684,3.5,2.1,0,25,
25-Apr,Kikuju,25,S2,3.953,0.705,2.5,1,0,25,
25-Apr,Kikuju,25,S3,3.278,0.272,3,2,0,25,
03-May,Kikuju,25,S1,21.43,5.823,3,1,3.5,28.5,
03-May,Kikuju,25,S2,13.239,3.375,2.5,2,3.5,28.5,
03-May,Kikuju,25,S3,11.77,3.15,3,3,3.5,28.5,
09-May,Kikuju,25,S1,12.118,3.564,3.5,3,0,25,
09-May,Kikuju,25,S2,9.38,2.839,2.5,2.5,0,25,
09-May,Kikuju,25,S3,14.396,4.504,4,2.5,0,25,
17-May,Kikuju,25,S1,21.732,6.692,2.5,3,5.3,30.3,
17-May,Kikuju,25,S2,13.271,4.101,2.5,3,5.3,30.3,
17-May,Kikuju,25,S3,11.288,3.55,2,3,5.3,30.3,
24-May,Kikuju,25,S1,15.01,5.722,1.5,2,0,25,
24-May,Kikuju,25,S2,13.889,6.392,2.5,2.5,0,25,
24-May,Kikuju,25,S3,16.662,4.904,3,3,0,25,
31-May,Kikuju,25,S1,11.744,4.486,3.5,3,2.1,27.1,
31-May,Kikuju,25,S2,10.674,4.109,4,2,2.1,27.1,
31-May,Kikuju,25,S3,11.359,4.514,2,1.5,2.1,27.1,
09-Feb,Kikuju,20,S1,11.688,6.42,5,,2.4,22.4,
09-Feb,Kikuju,20,S2,7.594,4.229,4,,2.4,22.4,
09-Feb,Kikuju,20,S3,8.568,3.035,4,,2.4,22.4,
16-Feb,Kikuju,20,S1,19.179,5.336,6,6.5,2.1,22.1,
16-Feb,Kikuju,20,S2,12.032,4.118,4,5,2.1,22.1,
16-Feb,Kikuju,20,S3,6.119,2.586,6,5,2.1,22.1,
23-Feb,Kikuju,20,S1,5.02,3.807,4.5,6.5,31,51,
23-Feb,Kikuju,20,S2,3.364,3.202,4,3.5,31,51,
23-Feb,Kikuju,20,S3,6.805,4.142,3.5,4,31,51,
01-Mar,Kikuju,20,S1,9.423,5.295,3,2,3.9,23.9,
01-Mar,Kikuju,20,S2,12.503,6.533,3,1.8,3.9,23.9,
01-Mar,Kikuju,20,S3,21.172,9.844,4.5,1.8,3.9,23.9,
14-Mar,Kikuju,20,S1,4.92,1.318,4,2,32.3,52.3,
14-Mar,Kikuju,20,S2,4.17,1.046,2,1,32.3,52.3,
14-Mar,Kikuju,20,S3,3.294,0.806,2,2,32.3,52.3,
22-Mar,Kikuju,20,S1,3.188,1.536,3.5,5.5,54.9,74.9,
22-Mar,Kikuju,20,S2,2.708,1.179,3,6,54.9,74.9,
22-Mar,Kikuju,20,S3,8.923,3.095,2.5,6,54.9,74.9,
28-Mar,Kikuju,20,S1,14.028,2.124,3.5,5.5,33.4,53.4,
28-Mar,Kikuju,20,S2,9.291,1.1808,2,3.25,33.4,53.4,
28-Mar,Kikuju,20,S3,11.82,1.914,3.5,3.5,33.4,53.4,
05-Apr,Kikuju,20,S1,7.998,2.016,2.5,6.5,37.2,57.2,
05-Apr,Kikuju,20,S2,4.423,1.251,2,6.75,37.2,57.2,
05-Apr,Kikuju,20,S3,7.015,1.931,2,6,37.2,57.2,
12-Apr,Kikuju,20,S1,1.975,0.095,2.5,5.5,72.8,92.8,
12-Apr,Kikuju,20,S2,1.752,0.828,3,6,72.8,92.8,
12-Apr,Kikuju,20,S3,5.205,0.865,4,3.5,72.8,92.8,
19-Apr,Kikuju,20,S1,4.673,0.699,1.5,3,0,20,
19-Apr,Kikuju,20,S2,2.205,4.139,2,3.5,0,20,
19-Apr,Kikuju,20,S3,5.312,1.114,2.5,2.5,0,20,
25-Apr,Kikuju,20,S1,5.241,1.838,2,2,0,20,
25-Apr,Kikuju,20,S2,6.384,2.009,2.5,1.1,0,20,
25-Apr,Kikuju,20,S3,13.908,5.017,3,1.9,0,20,
03-May,Kikuju,20,S1,7.062,1.759,2,1.5,3.5,23.5,
03-May,Kikuju,20,S2,7.182,1.974,1.5,2,3.5,23.5,
03-May,Kikuju,20,S3,18.72,4.813,1.5,2,3.5,23.5,
09-May,Kikuju,20,S1,7.48,2.312,1.5,2.5,0,20,
09-May,Kikuju,20,S2,2.781,0.666,1.5,2.5,0,20,
09-May,Kikuju,20,S3,9.899,3.126,2.5,2.5,0,20,
17-May,Kikuju,20,S1,7.067,2.806,1.5,3,5.3,25.3,
17-May,Kikuju,20,S2,6.266,2.259,2,3,5.3,25.3,
17-May,Kikuju,20,S3,10.124,3.405,2.5,3,5.3,25.3,
24-May,Kikuju,20,S1,2.613,1.252,2.5,2,0,20,
24-May,Kikuju,20,S2,3.073,1.465,3,3,0,20,
24-May,Kikuju,20,S3,6.423,2.982,2.5,2,0,20,
31-May,Kikuju,20,S1,3.802,2.187,1.5,1.5,2.1,22.1,
31-May,Kikuju,20,S2,1.218,0.866,2.5,1,2.1,22.1,
31-May,Kikuju,20,S3,6.07,2.813,2.5,1.5,2.1,22.1,
09-Feb,Kikuju,15,S1,10.911,2.906,3,,2.4,17.4,
09-Feb,Kikuju,15,S2,4.727,1.536,4,,2.4,17.4,
09-Feb,Kikuju,15,S3,7.734,2.308,3,,2.4,17.4,
16-Feb,Kikuju,15,S1,2.401,1.304,5,6,2.1,17.1,
16-Feb,Kikuju,15,S2,3.783,0.772,3,2,2.1,17.1,
16-Feb,Kikuju,15,S3,10.281,2.534,3.5,2,2.1,17.1,
23-Feb,Kikuju,15,S1,7.571,3.121,3.5,2.5,31,46,
23-Feb,Kikuju,15,S2,6.453,2.568,3.5,3,31,46,
23-Feb,Kikuju,15,S3,7.548,3.045,3,3.5,31,46,
01-Mar,Kikuju,15,S1,18.707,9.536,4.5,1.5,3.9,18.9,
01-Mar,Kikuju,15,S2,13.307,6.34,4,1.5,3.9,18.9,
01-Mar,Kikuju,15,S3,16.11,7.213,3.5,1.4,3.9,18.9,
14-Mar,Kikuju,15,S1,3.112,0.767,3.5,2,32.3,47.3,
14-Mar,Kikuju,15,S2,4.761,1.372,2,2.5,32.3,47.3,
14-Mar,Kikuju,15,S3,6.78,1.977,2,2,32.3,47.3,
22-Mar,Kikuju,15,S1,4.609,2.316,4,4,54.9,69.9,
22-Mar,Kikuju,15,S2,4.821,2.355,3,4,54.9,69.9,
22-Mar,Kikuju,15,S3,5.14,2.481,2.5,4.5,54.9,69.9,
28-Mar,Kikuju,15,S1,12.785,2.737,3,5,33.4,48.4,
28-Mar,Kikuju,15,S2,17.624,3.429,1.5,4,33.4,48.4,
28-Mar,Kikuju,15,S3,28.596,5.699,3,4,33.4,48.4,
05-Apr,Kikuju,15,S1,7.326,2.198,3,5.5,37.2,52.2,
05-Apr,Kikuju,15,S2,7.791,2.187,2,4,37.2,52.2,
05-Apr,Kikuju,15,S3,13.369,3.662,5,5.5,37.2,52.2,
12-Apr,Kikuju,15,S1,2.027,0.924,2.5,4,72.8,87.8,
12-Apr,Kikuju,15,S2,5.241,0.894,3,2,72.8,87.8,
12-Apr,Kikuju,15,S3,8.855,1.822,4,2,72.8,87.8,
19-Apr,Kikuju,15,S1,5.159,0.691,2,2.5,0,15,
19-Apr,Kikuju,15,S2,12.767,2.945,2,2.5,0,15,
19-Apr,Kikuju,15,S3,30.317,6.828,4,3,0,15,
25-Apr,Kikuju,15,S1,2.083,3.693,3,2,0,15,
25-Apr,Kikuju,15,S2,6.143,2.313,3,1,0,15,
25-Apr,Kikuju,15,S3,6.382,1.487,4,1,0,15,
03-May,Kikuju,15,S1,9.752,2.791,3,1,3.5,18.5,
03-May,Kikuju,15,S2,13.968,3.687,4,1.5,3.5,18.5,
03-May,Kikuju,15,S3,112.001,3.587,3,2,3.5,18.5,
09-May,Kikuju,15,S1,4.061,1.492,3.5,2,0,15,
09-May,Kikuju,15,S2,9.627,2.971,4,2,0,15,
09-May,Kikuju,15,S3,8.211,2.344,3,3,0,15,
17-May,Kikuju,15,S1,11.742,4.486,2,2,5.3,20.3,
17-May,Kikuju,15,S2,12.195,3.785,2,1.5,5.3,20.3,
17-May,Kikuju,15,S3,11.854,4.201,3.5,2.5,5.3,20.3,
24-May,Kikuju,15,S1,9.484,3.783,2,1.5,0,15,
24-May,Kikuju,15,S2,7.336,2.979,3.5,2,0,15,
24-May,Kikuju,15,S3,11.786,4.099,3,1.5,0,15,
31-May,Kikuju,15,S1,3.274,1.703,2,1,2.1,17.1,
31-May,Kikuju,15,S2,9.114,3.616,4,1,2.1,17.1,
31-May,Kikuju,15,S3,8.581,3.858,4,1.5,2.1,17.1,
09-Feb,Kikuju,5,S1,26.64,3.59,4.5,,2.4,7.4,
09-Feb,Kikuju,5,S2,16.93,2.44,3.5,,2.4,7.4,
09-Feb,Kikuju,5,S3,8.68,2.61,3.5,,2.4,7.4,
16-Feb,Kikuju,5,S1,6.21,2.27,4.5,4,2.1,7.1,
16-Feb,Kikuju,5,S2,4.42,1.63,3,5,2.1,7.1,
16-Feb,Kikuju,5,S3,7.79,2.38,3.5,2.5,2.1,7.1,
23-Feb,Kikuju,5,S1,4.52,2.07,3.25,3.5,31,36,
23-Feb,Kikuju,5,S2,7.66,2.73,3,3.5,31,36,
23-Feb,Kikuju,5,S3,7.52,3.15,3.5,2.5,31,36,
01-Mar,Kikuju,5,S1,18.18,7.53,3,2.1,3.9,8.9,
01-Mar,Kikuju,5,S2,14.74,6.67,3,1.5,3.9,8.9,
01-Mar,Kikuju,5,S3,10.43,5.12,2.5,1.4,3.9,8.9,
14-Mar,Kikuju,5,S1,3.46,1.23,2.5,1,32.3,37.3,
14-Mar,Kikuju,5,S2,4.73,1.62,3,1,32.3,37.3,
14-Mar,Kikuju,5,S3,3.6,1.32,2.5,1.5,32.3,37.3,
22-Mar,Kikuju,5,S1,2.95,1.35,2.5,6,54.9,59.9,
22-Mar,Kikuju,5,S2,3.48,1.69,2.5,6.5,54.9,59.9,
22-Mar,Kikuju,5,S3,1.71,0.91,2.5,5,54.9,59.9,
28-Mar,Kikuju,5,S1,7.16,1.55,2.5,2.5,33.4,38.4,
28-Mar,Kikuju,5,S2,7.14,1.25,2,5.2,33.4,38.4,
28-Mar,Kikuju,5,S3,4.36,0.86,1.5,3.5,33.4,38.4,
05-Apr,Kikuju,5,S1,6.26,1.87,2.5,6,37.2,42.2,
05-Apr,Kikuju,5,S2,3.97,0.96,1.75,6,37.2,42.2,
05-Apr,Kikuju,5,S3,1.37,0.14,1.5,6,37.2,42.2,
12-Apr,Kikuju,5,S1,7.37,1.87,2,2,72.8,77.8,
12-Apr,Kikuju,5,S2,1.98,3.62,3,3.5,72.8,77.8,
12-Apr,Kikuju,5,S3,1.82,0.12,2,4,72.8,77.8,
19-Apr,Kikuju,5,S1,7.64,0.71,2,2,0,5,
19-Apr,Kikuju,5,S2,7.36,1.73,2,2.5,0,5,
19-Apr,Kikuju,5,S3,9.41,2.43,2.5,1.8,0,5,
25-Apr,Kikuju,5,S1,4.9,1.95,2.5,1.5,0,5,
25-Apr,Kikuju,5,S2,5.7,2.67,3.5,1,0,5,
25-Apr,Kikuju,5,S3,3.43,1.69,2,1,0,5,
03-May,Kikuju,5,S1,1.93,0.6,2,1,3.5,8.5,
03-May,Kikuju,5,S2,2.26,0.92,2.5,2,3.5,8.5,
03-May,Kikuju,5,S3,2.51,0.65,3,1,3.5,8.5,
09-May,Kikuju,5,S1,4.67,1.99,2.5,0.9,0,5,
09-May,Kikuju,5,S2,3.1,1.31,2,1,0,5,
09-May,Kikuju,5,S3,2.46,0.98,1.5,1,0,5,
17-May,Kikuju,5,S1,2.71,1.2,2,1.5,5.3,10.3,
17-May,Kikuju,5,S2,3.57,1.5,3,2,5.3,10.3,
17-May,Kikuju,5,S3,5.75,2.14,3,1.5,5.3,10.3,
24-May,Kikuju,5,S1,8.07,3.35,2,1.5,0,5,
24-May,Kikuju,5,S2,2.31,1.56,3,1.5,0,5,
24-May,Kikuju,5,S3,1.72,0.78,1.5,1.5,0,5,
31-May,Kikuju,5,S1,1.81,0.94,2,1,2.1,7.1,
31-May,Kikuju,5,S2,2.08,1.06,2.5,2,2.1,7.1,
31-May,Kikuju,5,S3,2.88,1.25,2,1,2.1,7.1,
09-Feb,Cynodon,25,S1,8.693,3.758,2,,2.4,27.4,
09-Feb,Cynodon,25,S2,2.267,1.085,2,,2.4,27.4,
09-Feb,Cynodon,25,S3,9.327,4.429,3,,2.4,27.4,
16-Feb,Cynodon,25,S1,1.771,1.06,2,3,2.1,27.1,
16-Feb,Cynodon,25,S2,2.159,1.187,2,2.5,2.1,27.1,
16-Feb,Cynodon,25,S3,2.125,1.314,1,2,2.1,27.1,
23-Feb,Cynodon,25,S1,3.93,1.949,1,2.5,31,56,
23-Feb,Cynodon,25,S2,3.674,1.817,3,2.5,31,56,
23-Feb,Cynodon,25,S3,5.88,3.21,2.5,2,31,56,
01-Mar,Cynodon,25,S1,12.893,7.192,2,2.5,3.9,28.9,
01-Mar,Cynodon,25,S2,5.441,4.135,1.5,3,3.9,28.9,
01-Mar,Cynodon,25,S3,5.093,3.533,1,2.5,3.9,28.9,
14-Mar,Cynodon,25,S1,2.109,1.141,1.5,2,32.3,57.3,
14-Mar,Cynodon,25,S2,2.867,1.444,1.5,2,32.3,57.3,
14-Mar,Cynodon,25,S3,3.608,1.729,1,1.5,32.3,57.3,
22-Mar,Cynodon,25,S1,4.608,2.448,1.5,5,54.9,79.9,
22-Mar,Cynodon,25,S2,3.73,2.015,1.5,4.8,54.9,79.9,
22-Mar,Cynodon,25,S3,5.554,2.825,1,4,54.9,79.9,
28-Mar,Cynodon,25,S1,6.455,1.739,1,2,33.4,58.4,
28-Mar,Cynodon,25,S2,6.798,1.769,1,2,33.4,58.4,
28-Mar,Cynodon,25,S3,14.162,4.05,1.5,2.5,33.4,58.4,
05-Apr,Cynodon,25,S1,18.925,9.136,2,2.5,37.2,62.2,
05-Apr,Cynodon,25,S2,29.503,14.506,3,4,37.2,62.2,
05-Apr,Cynodon,25,S3,14.362,6.131,2,5.5,37.2,62.2,
12-Apr,Cynodon,25,S1,9.575,2.2883,1.5,2,72.8,97.8,
12-Apr,Cynodon,25,S2,9.715,2.951,1.5,3,72.8,97.8,
12-Apr,Cynodon,25,S3,4.608,1.425,1.5,2,72.8,97.8,
19-Apr,Cynodon,25,S1,1.406,0.134,1.5,2,0,25,
19-Apr,Cynodon,25,S2,6.375,2.825,2,2,0,25,
19-Apr,Cynodon,25,S3,0.846,1.178,0.75,2,0,25,
25-Apr,Cynodon,25,S1,6.181,2.732,2,1.5,0,25,
25-Apr,Cynodon,25,S2,3.61,1.667,1.5,1.5,0,25,
25-Apr,Cynodon,25,S3,5.585,2.365,1.5,1,0,25,
03-May,Cynodon,25,S1,2.849,0.903,1,1,3.5,28.5,
03-May,Cynodon,25,S2,4.912,1.77,1,1.5,3.5,28.5,
03-May,Cynodon,25,S3,4.878,2.728,1,1,3.5,28.5,
09-May,Cynodon,25,S1,2.842,1.729,1,1,0,25,
09-May,Cynodon,25,S2,2.392,1.427,1,1,0,25,
09-May,Cynodon,25,S3,1.078,0.619,0.5,1,0,25,
17-May,Cynodon,25,S1,3.23,1.27,2,2,5.3,30.3,
17-May,Cynodon,25,S2,7.481,3.563,2.2,1.5,5.3,30.3,
17-May,Cynodon,25,S3,6.753,2.948,2,2,5.3,30.3,
24-May,Cynodon,25,S1,1.592,0.67,1.8,2.3,0,25,
24-May,Cynodon,25,S2,2.643,1.927,0.8,2.5,0,25,
24-May,Cynodon,25,S3,4.953,2.788,1,1.5,0,25,
31-May,Cynodon,25,S1,1.948,0.991,1,1.5,2.1,27.1,
31-May,Cynodon,25,S2,2.65,1.669,1,1.5,2.1,27.1,
31-May,Cynodon,25,S3,2.339,1.461,1.5,1,2.1,27.1,
09-Feb,Cynodon,20,S1,4.88,1.71,2.5,,2.4,22.4,
09-Feb,Cynodon,20,S2,3.13,1.39,5,,2.4,22.4,
09-Feb,Cynodon,20,S3,3.361,1.3,3,,2.4,22.4,
16-Feb,Cynodon,20,S1,1.813,0.97,2.5,5,2.1,22.1,
16-Feb,Cynodon,20,S2,3.337,1.701,1.5,1.5,2.1,22.1,
16-Feb,Cynodon,20,S3,5.144,2.688,2,4,2.1,22.1,
23-Feb,Cynodon,20,S1,5.008,2.296,3,3.5,31,51,
23-Feb,Cynodon,20,S2,4.545,1.684,2.5,2,31,51,
23-Feb,Cynodon,20,S3,10.497,4.736,2.5,3,31,51,
01-Mar,Cynodon,20,S1,5.831,3.893,1.5,2,3.9,23.9,
01-Mar,Cynodon,20,S2,8.081,5.363,1.5,3.5,3.9,23.9,
01-Mar,Cynodon,20,S3,7.084,4.667,1,3,3.9,23.9,
14-Mar,Cynodon,20,S1,7.938,4.182,2,3,32.3,52.3,
14-Mar,Cynodon,20,S2,5.367,2.372,2,2.5,32.3,52.3,
14-Mar,Cynodon,20,S3,6.313,3.298,1.3,2,32.3,52.3,
22-Mar,Cynodon,20,S1,2.504,0.932,1.5,6,54.9,74.9,
22-Mar,Cynodon,20,S2,6.723,2.758,1,5.7,54.9,74.9,
22-Mar,Cynodon,20,S3,18.798,8.036,1.5,4.5,54.9,74.9,
28-Mar,Cynodon,20,S1,13.763,3.835,2,2,33.4,53.4,
28-Mar,Cynodon,20,S2,14.19,2.942,1.5,3,33.4,53.4,
28-Mar,Cynodon,20,S3,14.933,3.04,1.5,2,33.4,53.4,
05-Apr,Cynodon,20,S1,25.233,11.922,2,5,37.2,57.2,
05-Apr,Cynodon,20,S2,14.905,6.076,2,5.5,37.2,57.2,
05-Apr,Cynodon,20,S3,22.38,8.695,1.5,5.5,37.2,57.2,
12-Apr,Cynodon,20,S1,7.719,3.099,2.5,2.5,72.8,92.8,
12-Apr,Cynodon,20,S2,3.81,0.768,1.5,2.5,72.8,92.8,
12-Apr,Cynodon,20,S3,7.003,2.395,1.5,2,72.8,92.8,
19-Apr,Cynodon,20,S1,3.197,0.246,3,2,0,20,
19-Apr,Cynodon,20,S2,1.246,0.253,1.5,2,0,20,
19-Apr,Cynodon,20,S3,1.055,1.541,1,1.5,0,20,
25-Apr,Cynodon,20,S1,6.052,2.655,1,1.5,0,20,
25-Apr,Cynodon,20,S2,5.984,2.264,2.3,1.8,0,20,
25-Apr,Cynodon,20,S3,8.931,4.099,2,1.6,0,20,
03-May,Cynodon,20,S1,7.813,2.625,3,1,3.5,23.5,
03-May,Cynodon,20,S2,4.929,2.587,2,3,3.5,23.5,
03-May,Cynodon,20,S3,4.588,3.046,2,1.1,3.5,23.5,
09-May,Cynodon,20,S1,1.554,0.868,1,1,0,20,
09-May,Cynodon,20,S2,3.975,2.177,2,2,0,20,
09-May,Cynodon,20,S3,4.527,2.333,1.8,1.5,0,20,
17-May,Cynodon,20,S1,3.272,1.889,2.5,1.5,5.3,25.3,
17-May,Cynodon,20,S2,6.076,3.172,2,2,5.3,25.3,
17-May,Cynodon,20,S3,2.894,1.213,2.3,2,5.3,25.3,
24-May,Cynodon,20,S1,4.205,2.664,2,2.5,0,20,
24-May,Cynodon,20,S2,5.501,3.722,2,2.5,0,20,
24-May,Cynodon,20,S3,2.15,1.524,2,2,0,20,
31-May,Cynodon,20,S1,2.453,1.746,1,1,2.1,22.1,
31-May,Cynodon,20,S2,4.145,2.885,1.5,2,2.1,22.1,
31-May,Cynodon,20,S3,1.435,0.943,1,2,2.1,22.1,
09-Feb,Cynodon,15,S1,3.625,1.65,3,,2.4,17.4,
09-Feb,Cynodon,15,S2,1.786,0.901,2.5,,2.4,17.4,
09-Feb,Cynodon,15,S3,4.221,2.243,3,,2.4,17.4,
16-Feb,Cynodon,15,S1,0.132,0.066,3,4,2.1,17.1,
16-Feb,Cynodon,15,S2,11.203,5.75,2.5,2.5,2.1,17.1,
16-Feb,Cynodon,15,S3,6.186,2.987,2.5,3,2.1,17.1,
23-Feb,Cynodon,15,S1,4.573,2.409,1.5,3,31,46,
23-Feb,Cynodon,15,S2,3.232,1.783,2.5,2,31,46,
23-Feb,Cynodon,15,S3,3.476,2.244,2,2,31,46,
01-Mar,Cynodon,15,S1,7.541,4.568,3,2,3.9,18.9,
01-Mar,Cynodon,15,S2,6.248,3.698,1.5,1.1,3.9,18.9,
01-Mar,Cynodon,15,S3,3.132,1.758,1.5,1,3.9,18.9,
14-Mar,Cynodon,15,S1,7.655,3.916,2,3,32.3,47.3,
14-Mar,Cynodon,15,S2,5.012,2.498,2,2,32.3,47.3,
14-Mar,Cynodon,15,S3,9.441,4.962,1.5,2,32.3,47.3,
22-Mar,Cynodon,15,S1,6.443,3.275,1,5,54.9,69.9,
22-Mar,Cynodon,15,S2,4.772,2.147,1,4.5,54.9,69.9,
22-Mar,Cynodon,15,S3,10.949,5.415,1,4.2,54.9,69.9,
28-Mar,Cynodon,15,S1,13.475,2.498,1.8,4,33.4,48.4,
28-Mar,Cynodon,15,S2,15.838,2.825,1.8,4,33.4,48.4,
28-Mar,Cynodon,15,S3,16.166,2.644,1.8,3,33.4,48.4,
05-Apr,Cynodon,15,S1,16.94,10.767,1.5,5.5,37.2,52.2,
05-Apr,Cynodon,15,S2,19.276,7.512,2.5,5.5,37.2,52.2,
05-Apr,Cynodon,15,S3,18.676,7.867,2.5,7,37.2,52.2,
12-Apr,Cynodon,15,S1,6.08,2.095,1.5,4.5,72.8,87.8,
12-Apr,Cynodon,15,S2,4.593,1.068,1.5,3.5,72.8,87.8,
12-Apr,Cynodon,15,S3,3.725,1.121,1.5,2.5,72.8,87.8,
19-Apr,Cynodon,15,S1,3.837,1.96,2,2,0,15,
19-Apr,Cynodon,15,S2,6.252,2.42,1.5,3,0,15,
19-Apr,Cynodon,15,S3,9.689,4.381,3,2.5,0,15,
25-Apr,Cynodon,15,S1,5.562,2.844,1.5,1,0,15,
25-Apr,Cynodon,15,S2,11.012,5.868,3,1,0,15,
25-Apr,Cynodon,15,S3,3.172,1.04,1.5,1.5,0,15,
03-May,Cynodon,15,S1,4.947,3.181,2.5,1,3.5,18.5,
03-May,Cynodon,15,S2,6.243,2.097,2.5,1,3.5,18.5,
03-May,Cynodon,15,S3,7.35,1.543,1.5,2,3.5,18.5,
09-May,Cynodon,15,S1,3.865,2.355,3,1,0,15,
09-May,Cynodon,15,S2,1.456,0.821,2.5,1,0,15,
09-May,Cynodon,15,S3,2.16,1.26,1.5,1,0,15,
17-May,Cynodon,15,S1,2.66,1.638,2.8,1.8,5.3,20.3,
17-May,Cynodon,15,S2,6.723,3.838,3,2,5.3,20.3,
17-May,Cynodon,15,S3,2.44,1.344,2,3,5.3,20.3,
24-May,Cynodon,15,S1,3.102,1.991,2.5,1,0,15,
24-May,Cynodon,15,S2,5.743,3.849,3,2.5,0,15,
24-May,Cynodon,15,S3,5.242,3.305,2.5,1.8,0,15,
31-May,Cynodon,15,S1,3.08,2.434,1.5,1.5,2.1,17.1,
31-May,Cynodon,15,S2,1.7,1.216,1.5,1,2.1,17.1,
31-May,Cynodon,15,S3,2.573,1.823,1.5,1.5,2.1,17.1,
09-Feb,Cynodon,5,S1,3.213,1.576,1.5,,2.4,7.4,
09-Feb,Cynodon,5,S2,1.838,0.825,1,,2.4,7.4,
09-Feb,Cynodon,5,S3,1.552,0.71,2,,2.4,7.4,
16-Feb,Cynodon,5,S1,5.315,2.729,1.5,1.5,2.1,7.1,
16-Feb,Cynodon,5,S2,5.517,2.943,1.5,2,2.1,7.1,
16-Feb,Cynodon,5,S3,5.739,3.003,1.5,2,2.1,7.1,
23-Feb,Cynodon,5,S1,4.3,1.788,2.7,2,31,36,
23-Feb,Cynodon,5,S2,5.582,2.238,2.5,3,31,36,
23-Feb,Cynodon,5,S3,6.014,2.719,3,1,31,36,
01-Mar,Cynodon,5,S1,6.684,4.567,2.5,1.1,3.9,8.9,
01-Mar,Cynodon,5,S2,4.275,2.492,2.5,1,3.9,8.9,
01-Mar,Cynodon,5,S3,8.243,4.02,2.5,1.5,3.9,8.9,
14-Mar,Cynodon,5,S1,8.14,4.499,1.5,1,32.3,37.3,
14-Mar,Cynodon,5,S2,8.741,4.094,1.5,1.5,32.3,37.3,
14-Mar,Cynodon,5,S3,6.796,3.499,1.5,2,32.3,37.3,
22-Mar,Cynodon,5,S1,9.959,1.117,1.5,6,54.9,59.9,
22-Mar,Cynodon,5,S2,3.956,2.986,1.5,7,54.9,59.9,
22-Mar,Cynodon,5,S3,5.543,6.189,3.5,5,54.9,59.9,
28-Mar,Cynodon,5,S1,10.958,2.133,0.5,2,33.4,38.4,
28-Mar,Cynodon,5,S2,21.908,4.559,1,2,33.4,38.4,
28-Mar,Cynodon,5,S3,17.97,3.899,1,2,33.4,38.4,
05-Apr,Cynodon,5,S1,16.572,7.521,2,4.5,37.2,42.2,
05-Apr,Cynodon,5,S2,32.041,11.492,2.5,5,37.2,42.2,
05-Apr,Cynodon,5,S3,11.167,4.513,1.5,5,37.2,42.2,
12-Apr,Cynodon,5,S1,4.71,1.756,2,1.5,72.8,77.8,
12-Apr,Cynodon,5,S2,2.074,0.224,1.5,1.5,72.8,77.8,
12-Apr,Cynodon,5,S3,2.728,0.508,2.5,1.5,72.8,77.8,
19-Apr,Cynodon,5,S1,5.86,1.774,2.5,3,0,5,
19-Apr,Cynodon,5,S2,2.025,0.467,1,2,0,5,
19-Apr,Cynodon,5,S3,6.623,2.698,1.5,2.5,0,5,
25-Apr,Cynodon,5,S1,3.113,1.415,1.5,1.5,0,5,
25-Apr,Cynodon,5,S2,3.49,1.258,1.5,1.5,0,5,
25-Apr,Cynodon,5,S3,2.698,0.978,1.3,1,0,5,
03-May,Cynodon,5,S1,3.519,1.912,2,1.2,3.5,8.5,
03-May,Cynodon,5,S2,5.102,2.221,2,1,3.5,8.5,
03-May,Cynodon,5,S3,3.335,1.347,2,1,3.5,8.5,
09-May,Cynodon,5,S1,4.271,2.438,2.5,1,0,5,
09-May,Cynodon,5,S2,2.095,0.91,1,1,0,5,
09-May,Cynodon,5,S3,2.504,1.16,0.5,1.2,0,5,
17-May,Cynodon,5,S1,3.438,2.216,1.8,1.8,5.3,10.3,
17-May,Cynodon,5,S2,1.186,0.501,1.8,1.3,5.3,10.3,
17-May,Cynodon,5,S3,1.661,0.871,1,2,5.3,10.3,
24-May,Cynodon,5,S1,2.044,1.501,0.5,1,0,5,
24-May,Cynodon,5,S2,1.293,0.846,1.5,1.5,0,5,
24-May,Cynodon,5,S3,1.203,0.716,1,1.3,0,5,
31-May,Cynodon,5,S1,1.696,1.269,0.5,1.3,2.1,7.1,
31-May,Cynodon,5,S2,1.575,1.047,1.8,1.5,2.1,7.1,
31-May,Cynodon,5,S3,1.888,1.371,1,1,2.1,7.1,
